五十音,表記メーカー名,読み方（カナ）,URL,画像ファイル
1,RE雨宮,アールイーアメミヤ,http://www.re-amemiya.co.jp/,re_amemiya.gif
1,RS★R,アールエスアール,https://www.rs-r.co.jp/,rsr.gif
1,IRS,アイアールエス,http://irs.co.jp/,irs.gif
1,Eibach,アイバッハ,https://eibach.jp/,eibach.gif
1,AXIS,アクシス,http://axis-design.jp/,axis.gif
1,ACRE,アクレ,http://www.acre.co.jp/,acre.gif
1,admiration,アドミレーション,http://www.admiration.ne.jp/,admiration.gif
1,Abflug,アブフラッグ,https://abflug.jp/,abflug.gif
1,A'PEXi,アペックス,http://www.apexi.co.jp/apexi/,apexi.gif
1,amuse,アミューズ,https://www.webamuse.co.jp/,amuse.gif
1,Aragosta,アラゴスタ,http://www.tpl.co.jp/aragosta/,aragosta.gif
1,IKEYA FORMULA,イケヤフォーミュラ,http://www.ikeya-f.co.jp/,ikeya_formula.gif
1,IDEAL,イデアル,https://ideal-japan.net/,ideal.gif
1,ings,イングス,https://ings-net.com/,ings.gif
1,IMPUL,インパル,http://www.impul.co.jp/,impul.gif
1,WALD,ヴァルド,http://www.wald.co.jp/,wald.gif
1,Winmax,ウインマックス,http://www.winmax.jp/,winmax.gif
1,weds,ウェッズ,https://www.weds.co.jp/,weds_sport.gif
1,ULTRA,ウルトラ,http://www.nagaidenshi.co.jp/,ultra.gif
1,ULTRA RACING,ウルトラレーシング,https://ultraracing-japan.com/,ultra_racing.gif
1,HKBスポーツ,エイチケービースポーツ,http://www.hkbsports.com/,hkb_sports.gif
1,HPI,エイチピーアイ,http://www.hpi.co.jp/,hpi.gif
1,AIMGAIN,エイムゲイン,http://www.aimgain.net/,aimgain.gif
1,ARC,エーアールシー,http://www.arc-brazing.co.jp/index.html,arc.gif
1,AMS,エーエムエス,http://www.a-m-s.gr.jp/index.html,ams.gif
1,ATS,エーティーエス,http://www.a-t-s.co.jp/,ats.gif
1,APP,エーピーピー,http://www.app-top.jp/index.html,app.gif
1,AP RACING,エーピールレーシング,http://www.apracing-nicole.com/,ap_racing.gif
1,EXEDY,エクセディ,http://www.exedy-racing.com/,exedy.gif
1,STI,エスティーアイ,https://www.sti.jp/,sti.gif
1,ESPELIR,エスペリア,http://www.espelir.co.jp/,espelir.gif
1,XYZ JAPAN,エックスワイゼット,http://www.usat.co.jp/,xyz.gif
1,HKS,エッチケーエス,https://www.hks-power.co.jp/,hks.gif
1,NA Jack,エヌエージャック,http://www.na-jack.jp/,na_jack.gif
1,NGK,エヌジーケー,http://www.ngk-sparkplugs.jp/index.php,ngk.gif
1,M'z SPEED,エムズスピード,https://www.mzspeed.com/,mz_speed.gif
1,El Dorado,エルドラード,http://www.el-dorado.jp/,el_dorado.gif
1,ENKEI,エンケイ,http://irs.co.jp/,enkei.gif
1,ENDLESS,エンドレス,https://www.endless-sport.co.jp/,endless.gif
1,ORC,オーアールシー,http://www.ogura-racing.com/,orc.gif
1,OS技研,オーエスギケン,https://www.osgiken.co.jp/,os_giken.gif
1,ATTKD,オーテック,http://www.attkd.co.jp/index.html,attkd.gif
1,AutoExe,オートエグゼ,https://www.autoexe.co.jp/,auto_exe.gif
1,AUTO PRODUCE BOSS,オートプロデュースボス,http://www.ap-boss.com/,auto_produce_boss.gif
1,オートリファイン,オートリファイン,http://www.autorefine.co.jp/,autorefine.gif
1,OVER TECH,オーバーテック,http://www.over-tech.jp/,overtech.gif
1,OHLINS,オーリンズ,http://ohlins.czj.jp/,ohlins.gif
1,OKUYAMA,オクヤマ,http://www.carbing.co.jp/,okuyama.gif
1,OBERON,オベロン,http://www.oberonjp.co.jp/,oberon.gif
1,ORIGIN,オリジン,http://origin-labo.jp/,origin.gif
2,KAAZ,カーツ,https://kaaz-sports.com/,kaaz.gif
2,柿本レーシング,カキモトレーシング,https://www.kakimotoracing.co.jp/,kakimoto.gif
2,風間オート,カザマオート,https://www.kazamaauto.co.jp/,kazama.gif
2,GANADOR,ガナドール,https://www.ganador.co.jp/,ganador.gif
2,KYB,カヤバ,http://www.kybclub.com/,kyb.gif
2,Kansaiサービス,カンサイサービス,https://www.kansaisv.co.jp/index.html,kansai_service.gif
2,Kinokuni,キノクニ,https://www.kinokuni-e.com/index,kinokuni.gif
2,GARSON,ギャルソン,https://www.garson.co.jp/,garson.gif
2,KYO-EI,キョウエイ,http://www.kyoei-ind.co.jp/sangyo/,kyo_ei.gif
2,CUSCO,クスコ,https://www.cusco.co.jp/,cusco.gif
2,Kunnyz,クニーズ,http://kunnyz.net/,kunnyz.gif
2,KUMHOタイヤ,クムホタイヤ,http://www.kumhotire.co.jp/,kumho.gif
2,K＆N,ケーアンドエヌ,http://www.gruppem.co.jp/,k_and_n.gif
2,KSP,ケーエスピー,http://www.ksp-eng.co.jp/,ksp.gif
2,KLC,ケーエルシー,http://www.klc-div.com/index.html,klc.gif
2,K'SPEC,ケースペック,http://www.kspec.co.jp/,k_spec.gif
2,K.BREAK,ケーブレイク,http://k-break.com/,k_break.gif
2,Genb,ゲンブ,https://www.genb.jp/,genb.gif
2,KOYORAD,コーヨーラド,http://www.koyorad.co.jp/,koyorad.gif
2,5ZIGEN,ゴジゲン,http://www.5zigen.co.jp/,5zigen.gif
3,SARD,サード,http://www.sard.co.jp/,sard.gif
3,サイトウロールケージ,サイトウロールケージ,http://www.saito-rollcage.co.jp/index.html,saito_rollcage.gif
3,Sabelt,サベルト,http://www.sabelt-japan.com/,sabelt.gif
3,SAMCO,サムコ,http://www.tpl.co.jp/samco/,samco.gif
3,サン自動車,サンジドウシャ,http://www.sun-auto.co.jp/,sun_auto.gif
3,C-WEST,シーウエスト,http://www.c-west.co.jp/,c_west.gif
3,GAB,ジーエービー,http://www.gab.jp/index.html,gab.gif
3,GP SPORT,ジーピースポーツ,https://www.gpsports-gallery.com/,gpsports.gif
3,JIC,ジェイアイシー,http://www.jic-magic.co.jp/,jic.gif
3,J'S RACING,ジェイズレーシング,http://www.jsracing.co.jp/,js_racing.gif
3,SIXTH SENSE,シックスセンス,http://www.sixth-sense.jp/,sixth_sense.gif
3,Syms,シムス,https://syms.jp/,syms.gif
3,Spiegel,シュピーゲル,https://www.spiegel.co.jp/,spiegel.gif
3,JURAN,ジュラン,https://www.tanida-web.co.jp/,juran.gif
3,JUN,ジュン,https://www.junauto.co.jp/,jun.gif
3,翔PRODUCE,ショウプロデュース,http://sho-produce.com/,sho_produce.gif
3,SHOWA,ショーワ,http://showa-tuning.com/,showa.gif
3,SilkRoad,シルクロード,http://www.silkroad-jp.com/,silk_road.gif
3,Swift,スイフト,http://www.tohatsu-springs.com/swift/,swift.gif
3,STOUT,スタウト,http://www.stout.jp/,stout.gif
3,Street Ride,ストリートライド,https://www.tmy-net.co.jp/street_ride/,street_ride.gif
3,SplitFire,スピリットファイヤ,https://www.sf-j.co.jp/splitfire,splitfire.gif
3,SPOON,スプーン,https://www.spoon.jp/,spoon.gif
3,Seiken,セイケン,https://www.seiken.com/,seiken.gif
3,ZERO/SPORTS,ゼロスポーツ,http://www.zerosports.co.jp/,zerosports.gif
4,TANABE,タナベ,https://www.rd-tanabe.com/,tanabe.gif
4,CHARGE SPEED,チャージスピード,http://www.chargespeed.com/,charge_speed.gif
4,TRD,ティーアールディ,http://www.trdparts.jp/,trd.gif
4,T＆E,ティーアンドイー,http://www.t-and-e.co.jp/index.shtml,t_and_e.gif
4,DCUATRO,ディーキャトロ,https://www.plotonline.com/car/dcuatro/,dcuatro.gif
4,D2JAPAN,ディーツージャパン,http://www.d2japan.com/,d2japan.gif
4,D-MAX,ディーマックス,http://www.dmax-cs.com/,d_max.gif
4,TAKE OFF,テイクオフ,http://www.k-takeoff.com/,take_off.gif
4,DIXCEL,ディクセル,http://www.dixcel.co.jp/,dixcel.gif
4,TEIN,テイン,https://www.tein.co.jp/index.html,tein.gif
4,Data System,データシステム,https://www.datasystem.co.jp/,data_system.gif
4,TECHTOM,テクトム,http://www.techtom.co.jp/,techtom.gif
4,TEST＆SERVICE,テストアンドサービス,http://www.test-service.co.jp/,test_and_service.gif
4,Defi,デフィ,https://www.nippon-seiki.co.jp/defi/,defi.gif
4,東名パワード,トウメイパワード,http://www.tomei-p.co.jp/,tomei.gif
4,Do-Luck,ドゥラック,http://www.do-luck.com/,do_luck.gif
4,戸田レーシング,トダレーシング,https://www.toda-racing.co.jp/,toda_racing.gif
4,TOP SECRET,トップシークレット,https://topsecret-jpn.com/,top_secret.gif
4,Top Fuel,トップフューエル,https://www.topfuel.info/,top_fuel.gif
4,TOPLINE,トップライン,http://www.kk-topline.co.jp/,topline.gif
4,TOM'S,トムス,https://www.tomsracing.co.jp/,toms.gif
4,TRUST,トラスト,http://www.trust-power.com/,trust.gif
4,Dolphin,ドルフィン,http://www.freeway-dolphin.co.jp/,dolphin.gif
5,KNIGHT SPORTS,ナイトスポーツ,http://www.knightsports.co.jp/,knight_sports.gif
5,NIGHT-PAGER,ナイトペイジャー,http://www.night-pager.net/index.html,night_pager.gif
5,NAGISA AUTO,ナギサオート,http://www.nagisa-auto.com/,nagisa_auto.gif
5,NAPREC,ナプレック,http://www.naprec.co.jp/,naprec.gif
5,nismo,ニスモ,https://www.nismo.co.jp/,nismo.gif
6,Buddy club,バーディークラブ,https://www.buddyclub.co.jp/,buddy_club.gif
6,HEARTILY,ハーテリー,http://www.heartily.co.jp/index.html,heartily.gif
6,HYPERCO,ハイパコ,http://www.hyperco.jp/,hyperco.gif
6,Hasemi Motor Sport,ハセミモータースポーツ,https://www.hasemi-ms.com/index.html,hasemi_motor_sport.gif
6,Butterfly System,バタフライシステム,http://www.butterfly-system.com/,butterfly_system.gif
6,VARIS,バリス,http://www.varis.co.jp/,varis.gif
6,POWER,パワー,http://www.power-llc.jp/,power.gif
6,HANKOOK,ハンコック,https://www.hankooktire.com/jp/,hankook.gif
6,BN SPORTS,ビーエヌスポーツ,https://www.bn-sports.co.jp/,bn_sports.gif
6,PFC,ピーエフシー,http://www.pfcjapan.com/,pfc.gif
6,Bee★R,ビーレーシング,http://www.bee-r.com/,bee_r.gif
6,Pivot,ピボット,https://pivotjp.com/,pivot.gif
6,BILLION,ビリオン,http://www.billion-inc.co.jp/,billion.gif
6,BILSTEIN,ビルシュタイン,https://bilstein.jp/,bilstein.gif
6,First Molding,ファーストモールディング,http://www.firstmolding.com/,first_molding.gif
6,FINAL KONNEXION,ファイナルコネクション,https://www.finalkonnexion.co.jp/,final_konnexion.gif
6,FABULOUS,ファブレス,https://www.fabulous.co.jp/,fabulous.gif
6,FEEL,フィール,http://www.n-factory-feel.com/,feel.gif
6,FEDERAL,フェデラル,http://federaljapan.com/,federal.gif
6,FUJITSUBO,フジツボ,https://www.fujitsubo.co.jp/,fujitsubo.gif
6,BRIG,ブリッグ,https://www.brig-bb.co.jp/,brig.gif
6,BLITZ,ブリッツ,https://www.blitz.co.jp/,blitz.gif
6,BRIDE,ブリッド,https://www.bride-jp.com/,bride.gif
6,brembo,ブレンボ,https://www.kind-agency.jp/,brembo.gif
6,Project μ,プロジェクトミュー,https://www.project-mu.co.jp/,project_mu.gif
6,HOT STUFF,ホットスタッフ,http://www.hotstuff-cp.co.jp/,hot_stuff.gif
6,VOLTEX,ボルテックス,https://www.voltex.ne.jp/index.html,voltex.gif
7,MANARAY SPORT,マナレイスポーツ,https://www.marukaservice.com/wheellist/,manaray_sport.gif
7,MARCHE,マルシェ,http://cs-marche.com/,marche.gif
7,無限,ムゲン,http://www.mugen-power.com/,mugen.gif
7,Monster SPORT,モンスタースポーツ,https://www.monster-sport.com/,monster_sport.gif
8,You Zealand Body,ユージーランドボディ,http://www.youzealand.net/,you_zealand_body.gif
8,URAS,ユーラス,http://www.uras.co.jp,uras.gif
9,LARGUS,ラルグス,http://www.largus.co.jp/,largus.gif
9,RIGID,リジット,http://www.ms-alpha.co.jp/,rigid.gif
9,RAYS,レイズ,https://www.rayswheels.co.jp/,rays.gif
9,RACING GEAR,レーシングギア,http://www.racinggear.co.jp/,rg.gif
10,WORK,ワーク,https://www.work-wheels.co.jp/,work.gif
10,WAKO'S,ワコーズ,https://www.wako-chemical.co.jp/,wakos.gif
